{"accuracy": [0.8320364356040955, 0.8718132376670837, 0.8866079449653625, 0.8992525935173035, 0.9136889576911926, 0.9272550344467163, 0.9372376203536987, 0.9488071799278259, 0.9566909074783325, 0.9668270945549011], "auc": [0.9053763151168823, 0.9407731294631958, 0.9524356722831726, 0.9617388248443604, 0.9702009558677673, 0.9772990345954895, 0.9824783205986023, 0.9877389073371887, 0.9908550977706909, 0.9937300086021423], "loss": [0.39016005396842957, 0.3069286048412323, 0.27680087089538574, 0.2478492558002472, 0.21719443798065186, 0.19124741852283478, 0.16585642099380493, 0.1388719528913498, 0.118932344019413, 0.09737842530012131], "precision": [0.8461784720420837, 0.8935732245445251, 0.9089235663414001, 0.9207941889762878, 0.9328334331512451, 0.942148745059967, 0.9493843913078308, 0.9594382047653198, 0.9639105796813965, 0.9722423553466797], "recall": [0.8116105198860168, 0.8441691398620605, 0.859322190284729, 0.8736562132835388, 0.8915736675262451, 0.910412609577179, 0.9237227439880371, 0.9372376203536987, 0.94890958070755, 0.9610934853553772], "val_accuracy": [0.8782234787940979, 0.8973256945610046, 0.8992359042167664, 0.9023399949073792, 0.9126074314117432, 0.8987583518028259, 0.9004297852516174, 0.872731626033783, 0.9056829214096069, 0.9195320010185242], "val_auc": [0.9495618343353271, 0.956915020942688, 0.9608607888221741, 0.9634022116661072, 0.967595100402832, 0.9673741459846497, 0.9680124521255493, 0.9648619294166565, 0.9642107486724854, 0.9672254920005798], "val_loss": [0.2966298758983612, 0.2609647512435913, 0.26377061009407043, 0.24686412513256073, 0.2341647893190384, 0.2591734528541565, 0.28409284353256226, 0.37255051732063293, 0.31949421763420105, 0.28785932064056396], "val_precision": [0.8643054366111755, 0.9122893810272217, 0.9553377032279968, 0.944122314453125, 0.9476683735847473, 0.8771454095840454, 0.8669584393501282, 0.8176637887954712, 0.8902158737182617, 0.9201338887214661], "val_recall": [0.8973256945610046, 0.8791785836219788, 0.837631344795227, 0.8553008437156677, 0.8734479546546936, 0.927411675453186, 0.9460362792015076, 0.9594078063964844, 0.9255014061927795, 0.9188156723976135]}