{"accuracy": [0.7603665590286255, 0.7994266152381897, 0.8208252191543579, 0.8357735276222229, 0.8487765192985535, 0.8636735677719116, 0.875396728515625, 0.885174572467804, 0.8973584771156311, 0.9110269546508789, 0.9223917126655579, 0.9289444088935852, 0.937493622303009, 0.9459404349327087, 0.950650155544281, 0.9534145593643188, 0.9614518284797668, 0.9658544063568115, 0.9694378972053528, 0.9717415571212769], "auc": [0.8126349449157715, 0.8607984781265259, 0.8827500343322754, 0.8953524827957153, 0.9146799445152283, 0.9269301891326904, 0.9322584271430969, 0.9465819001197815, 0.956928014755249, 0.9651427268981934, 0.9737204313278198, 0.9777833223342896, 0.9817336797714233, 0.985730767250061, 0.9880155324935913, 0.9901593923568726, 0.9931411147117615, 0.9940623641014099, 0.9944633841514587, 0.9957713484764099], "loss": [0.7854084372520447, 0.48785191774368286, 0.4222271144390106, 0.3989515006542206, 0.3727491796016693, 0.33434873819351196, 0.31991326808929443, 0.2945826053619385, 0.26283568143844604, 0.23710359632968903, 0.20430614054203033, 0.1843237280845642, 0.16611406207084656, 0.14625607430934906, 0.13201193511486053, 0.12112173438072205, 0.09907570481300354, 0.09026492387056351, 0.08482491970062256, 0.0753248780965805], "precision": [0.8044050931930542, 0.9101107716560364, 0.9428974986076355, 0.9536588788032532, 0.9546242952346802, 0.9562034606933594, 0.9571125507354736, 0.9569970965385437, 0.961584210395813, 0.9558305740356445, 0.9591541290283203, 0.960739016532898, 0.9614470601081848, 0.9651821255683899, 0.9661124348640442, 0.9648367762565613, 0.9711478352546692, 0.9746505618095398, 0.9776041507720947, 0.9804984927177429], "recall": [0.6880311369895935, 0.6644824147224426, 0.6830142140388489, 0.7058461904525757, 0.7323640584945679, 0.7622606754302979, 0.7860141396522522, 0.806593656539917, 0.827787458896637, 0.8618818521499634, 0.882358968257904, 0.8944404721260071, 0.91153883934021, 0.9252585172653198, 0.9340636730194092, 0.9411283135414124, 0.9511620998382568, 0.9565885066986084, 0.960888683795929, 0.9626292586326599], "val_accuracy": [0.8665233850479126, 0.8798949122428894, 0.8978032469749451, 0.8915950059890747, 0.899952232837677, 0.8968481421470642, 0.9054441452026367, 0.9188156723976135, 0.923829972743988, 0.9214422106742859, 0.9286055564880371, 0.927411675453186, 0.9283667802810669, 0.9314708709716797, 0.9424546360969543, 0.9350525140762329, 0.9372014999389648, 0.9517669677734375, 0.9326647520065308, 0.9498567581176758], "val_auc": [0.9300006031990051, 0.9444039463996887, 0.954561173915863, 0.9589852690696716, 0.9630357027053833, 0.9635265469551086, 0.9703618288040161, 0.9741871953010559, 0.9773179292678833, 0.9768975377082825, 0.9813405275344849, 0.9807426333427429, 0.9838374853134155, 0.9849809408187866, 0.9869484901428223, 0.984408974647522, 0.9786581993103027, 0.9870330095291138, 0.9835387468338013, 0.9877712726593018], "val_loss": [0.3654260039329529, 0.30723491311073303, 0.3294435441493988, 0.30353379249572754, 0.2550708055496216, 0.34128254652023315, 0.2276354283094406, 0.23062871396541595, 0.1956331431865692, 0.24330855906009674, 0.18540799617767334, 0.18012376129627228, 0.18150398135185242, 0.19411762058734894, 0.1464139074087143, 0.19915375113487244, 0.2396666258573532, 0.14725247025489807, 0.21681512892246246, 0.14993391931056976], "val_precision": [0.9054411053657532, 0.9206768870353699, 0.9035852551460266, 0.9007819890975952, 0.9476215839385986, 0.8664020895957947, 0.9380804896354675, 0.9333003759384155, 0.9365469813346863, 0.8984198570251465, 0.9259610772132874, 0.9725448489189148, 0.976620614528656, 0.8981930613517761, 0.9557304382324219, 0.9845744967460632, 0.9805774092674255, 0.9543707966804504, 0.9897297024726868, 0.9563953280448914], "val_recall": [0.8185291290283203, 0.8314231038093567, 0.8906399011611938, 0.8801336884498596, 0.84670490026474, 0.9383954405784607, 0.8681948184967041, 0.9021012187004089, 0.9092645645141602, 0.9503343105316162, 0.9317096471786499, 0.8796561360359192, 0.8777459263801575, 0.9732569456100464, 0.9278892278671265, 0.8839541673660278, 0.8920726180076599, 0.9489016532897949, 0.8744030594825745, 0.9426934123039246]}