{"accuracy": [0.7591341733932495, 0.7945449352264404, 0.8046778440475464, 0.8318805694580078, 0.8580300807952881, 0.8784775137901306, 0.891588568687439, 0.9042637944221497, 0.9164305925369263, 0.927798330783844, 0.9361879825592041, 0.9421442747116089, 0.9487906098365784, 0.9554368853569031, 0.9578702449798584, 0.9604852199554443, 0.9646981954574585, 0.9700733423233032], "auc": [0.8065072894096375, 0.8425427675247192, 0.8556597232818604, 0.8894493579864502, 0.9162250757217407, 0.9342812299728394, 0.9469678997993469, 0.9586218595504761, 0.9677732586860657, 0.9751872420310974, 0.980707585811615, 0.9836325645446777, 0.986716628074646, 0.9894801378250122, 0.9897640347480774, 0.9909623861312866, 0.9924015998840332, 0.9930930137634277], "loss": [0.7122611403465271, 0.4905431270599365, 0.46324601769447327, 0.4168822467327118, 0.3601226210594177, 0.3171434998512268, 0.28092122077941895, 0.25500786304473877, 0.22280754148960114, 0.19468633830547333, 0.16979266703128815, 0.15342052280902863, 0.1374143660068512, 0.12203134596347809, 0.11735130846500397, 0.10973614454269409, 0.09758581221103668, 0.09111583977937698], "precision": [0.819754421710968, 0.9199461340904236, 0.9362454414367676, 0.9406828880310059, 0.9407976865768433, 0.9384835362434387, 0.9439229369163513, 0.9353829026222229, 0.9403902292251587, 0.9462756514549255, 0.953002393245697, 0.9589805603027344, 0.9656341671943665, 0.9678406119346619, 0.9719955325126648, 0.9751892685890198, 0.979536771774292, 0.9836335182189941], "recall": [0.6643422842025757, 0.6452386379241943, 0.6538824439048767, 0.708433210849762, 0.7641461491584778, 0.8100530505180359, 0.8326432704925537, 0.8685261607170105, 0.8892278671264648, 0.9070966839790344, 0.9176291227340698, 0.9238032698631287, 0.93070387840271, 0.9421805739402771, 0.9429069757461548, 0.9450134634971619, 0.949226438999176, 0.9560543298721313], "val_accuracy": [0.8701050877571106, 0.8753581643104553, 0.873925507068634, 0.9028175473213196, 0.9111747741699219, 0.9095033407211304, 0.9178605675697327, 0.853390634059906, 0.9030563235282898, 0.9321871995925903, 0.9407832026481628, 0.9200095534324646, 0.9429321885108948, 0.936246395111084, 0.9255014061927795, 0.9412607550621033, 0.8920726180076599, 0.9434097409248352], "val_auc": [0.9329432249069214, 0.946956217288971, 0.9410226941108704, 0.9660398960113525, 0.9701487421989441, 0.9739262461662292, 0.9746625423431396, 0.9772021770477295, 0.9802283644676208, 0.9840813279151917, 0.9834385514259338, 0.9817402958869934, 0.9849725365638733, 0.9816141724586487, 0.9724373817443848, 0.9847787618637085, 0.9497008919715881, 0.9843719601631165], "val_loss": [0.34247052669525146, 0.30300572514533997, 0.3163154721260071, 0.2432791292667389, 0.22568035125732422, 0.2156968116760254, 0.23182056844234467, 0.35022664070129395, 0.23882366716861725, 0.16434097290039062, 0.1623929888010025, 0.23237676918506622, 0.15592949092388153, 0.1923048496246338, 0.3001953661441803, 0.16884799301624298, 0.6540809273719788, 0.17519310116767883], "val_precision": [0.9032257795333862, 0.9376391768455505, 0.9541763067245483, 0.9354672431945801, 0.9442724585533142, 0.9662860035896301, 0.8991788029670715, 0.9939919710159302, 0.9845005869865417, 0.9449360966682434, 0.9433237314224243, 0.9861801862716675, 0.9401993155479431, 0.959276020526886, 0.9821428656578064, 0.9587884545326233, 0.9898567795753479, 0.951385498046875], "val_recall": [0.8290353417396545, 0.8042024970054626, 0.7855778336524963, 0.8653295040130615, 0.873925507068634, 0.8486151099205017, 0.9412607550621033, 0.7110792994499207, 0.8190066814422607, 0.9178605675697327, 0.9379178881645203, 0.8519579768180847, 0.9460362792015076, 0.9111747741699219, 0.8667621612548828, 0.9221585392951965, 0.7922636270523071, 0.9345749616622925]}