{"accuracy": [0.7571473121643066, 0.7923944592475891, 0.8172632455825806, 0.8358267545700073, 0.8577974438667297, 0.8756168484687805, 0.8933578729629517, 0.9065167903900146, 0.9175217151641846, 0.9298973679542542, 0.9389050006866455, 0.9445837140083313, 0.952377200126648, 0.9576643109321594, 0.9595832824707031, 0.9642829298973083, 0.966201901435852, 0.9698441028594971, 0.971528172492981, 0.9734863042831421], "auc": [0.8013470768928528, 0.8375821113586426, 0.8592430949211121, 0.8823438286781311, 0.9059584736824036, 0.9288765788078308, 0.9442673325538635, 0.9575453400611877, 0.9681874513626099, 0.9744981527328491, 0.9808254241943359, 0.983270525932312, 0.985859751701355, 0.9888610243797302, 0.9893074035644531, 0.9914008975028992, 0.9911314845085144, 0.9923074841499329, 0.992885410785675, 0.9933727979660034], "loss": [0.7393774390220642, 0.49472668766975403, 0.4402259588241577, 0.41191938519477844, 0.37077972292900085, 0.3276729881763458, 0.28538778424263, 0.252656489610672, 0.21841049194335938, 0.1919894814491272, 0.16506780683994293, 0.1517588049173355, 0.1353541910648346, 0.11890437453985214, 0.1160658448934555, 0.10175607353448868, 0.10003573447465897, 0.09414885938167572, 0.08625578135251999, 0.0824655294418335], "precision": [0.8089591860771179, 0.9099494814872742, 0.9353036284446716, 0.9355887174606323, 0.9381354451179504, 0.9334719181060791, 0.9324091672897339, 0.9307768940925598, 0.9371053576469421, 0.9482237696647644, 0.9554580450057983, 0.9607890844345093, 0.9675382375717163, 0.9718946814537048, 0.9737585783004761, 0.9784486293792725, 0.9810863137245178, 0.981227457523346, 0.9845460653305054, 0.9855421781539917], "recall": [0.6732983589172363, 0.6490169763565063, 0.6816793084144592, 0.7213127613067627, 0.7661157846450806, 0.8088822960853577, 0.8482024073600769, 0.8783582448959351, 0.8951202034950256, 0.9094540476799011, 0.9207331538200378, 0.9269992709159851, 0.9361635446548462, 0.942586362361908, 0.9446228742599487, 0.9494791030883789, 0.9507323503494263, 0.9580167531967163, 0.9580950736999512, 0.9610714912414551], "val_accuracy": [0.8734479546546936, 0.8746418356895447, 0.8361986875534058, 0.843123197555542, 0.9047278165817261, 0.9097421169281006, 0.9087870121002197, 0.9209646582603455, 0.9154728055000305, 0.9326647520065308, 0.9419770836830139, 0.9154728055000305, 0.9343361854553223, 0.929560661315918, 0.9422158598899841, 0.9312320947647095, 0.9446036219596863, 0.9097421169281006, 0.9391117691993713, 0.9441260695457458], "val_auc": [0.9326241612434387, 0.9383446574211121, 0.9505955576896667, 0.937959611415863, 0.9583739042282104, 0.9723719358444214, 0.9765194058418274, 0.979312002658844, 0.9778661131858826, 0.9824027419090271, 0.9852661490440369, 0.9826550483703613, 0.9826673269271851, 0.9805164337158203, 0.9858421683311462, 0.9820664525032043, 0.9835188984870911, 0.9836121797561646, 0.9860814213752747, 0.982980489730835], "val_loss": [0.35328009724617004, 0.33596429228782654, 0.3599439561367035, 0.4037977159023285, 0.24947592616081238, 0.21949143707752228, 0.23185740411281586, 0.20496201515197754, 0.22778822481632233, 0.16601066291332245, 0.15601631999015808, 0.21821944415569305, 0.16961854696273804, 0.2194526493549347, 0.15126311779022217, 0.2051335722208023, 0.16724640130996704, 0.25668975710868835, 0.16373176872730255, 0.2255743145942688], "val_precision": [0.9064449071884155, 0.9008686542510986, 0.9828532338142395, 0.9799599051475525, 0.9593495726585388, 0.962284505367279, 0.8828264474868774, 0.9038020968437195, 0.9801324605941772, 0.9306083917617798, 0.9556868672370911, 0.9920814633369446, 0.9744392037391663, 0.9817889928817749, 0.9662638306617737, 0.9823718070983887, 0.9454545378684998, 0.9948096871376038, 0.9727506637573242, 0.9441260695457458], "val_recall": [0.832855761051178, 0.8419293165206909, 0.6843361854553223, 0.7005730867385864, 0.8452721834182739, 0.8529130816459656, 0.9426934123039246, 0.9422158598899841, 0.8481375575065613, 0.9350525140762329, 0.9269341230392456, 0.837631344795227, 0.8920726180076599, 0.8753581643104553, 0.9164279103279114, 0.8782234787940979, 0.9436485171318054, 0.823782205581665, 0.903533935546875, 0.9441260695457458]}