{"accuracy": [0.7538768649101257, 0.7792375087738037, 0.8083903193473816, 0.820478081703186, 0.8423511981964111, 0.8585698008537292, 0.8746867775917053, 0.8911085724830627, 0.9031963348388672, 0.9123721718788147, 0.9240536093711853, 0.9312317967414856, 0.941999077796936, 0.9465023279190063, 0.953206479549408, 0.9589287042617798, 0.9614343047142029, 0.9636690020561218, 0.9655312299728394, 0.9684431552886963], "auc": [0.7934402227401733, 0.8051369786262512, 0.8383493423461914, 0.8499612212181091, 0.8778572082519531, 0.89914870262146, 0.9194045066833496, 0.9396125674247742, 0.9533758163452148, 0.9655244946479797, 0.9720995426177979, 0.9767380952835083, 0.9821287393569946, 0.983056366443634, 0.9865840673446655, 0.9882095456123352, 0.9893004894256592, 0.9899968504905701, 0.9902247190475464, 0.9914854168891907], "loss": [0.7542834877967834, 0.5130194425582886, 0.4756084978580475, 0.4426107108592987, 0.40346840023994446, 0.3736434280872345, 0.33271539211273193, 0.2933811545372009, 0.26372167468070984, 0.23078545928001404, 0.20321132242679596, 0.18425253033638, 0.15959638357162476, 0.1511719971895218, 0.13243839144706726, 0.12093663215637207, 0.11442025750875473, 0.1078391745686531, 0.10549025237560272, 0.0967034101486206], "precision": [0.8305413722991943, 0.9270843863487244, 0.9404255151748657, 0.9450766444206238, 0.9456933736801147, 0.9381102323532104, 0.9364941716194153, 0.9359855055809021, 0.9287154674530029, 0.9311760663986206, 0.9398089647293091, 0.9476311206817627, 0.9570088386535645, 0.961826741695404, 0.9681051969528198, 0.9733203053474426, 0.9749094247817993, 0.9780089259147644, 0.9798282980918884, 0.980682373046875], "recall": [0.6379088759422302, 0.6061488389968872, 0.658495306968689, 0.6805038452148438, 0.7264170050621033, 0.7677930593490601, 0.8038870692253113, 0.8396424651145935, 0.8734340071678162, 0.8905668258666992, 0.9061420559883118, 0.9129139184951782, 0.9255772829055786, 0.9299113154411316, 0.9372926354408264, 0.9437258839607239, 0.9472472667694092, 0.9486693143844604, 0.95063316822052, 0.955712080001831], "val_accuracy": [0.8378701210021973, 0.8765520453453064, 0.8717765212059021, 0.8818051815032959, 0.8906399011611938, 0.8989971280097961, 0.9099808931350708, 0.9154728055000305, 0.90329509973526, 0.9281280040740967, 0.9183381199836731, 0.9321871995925903, 0.9350525140762329, 0.929560661315918, 0.9367239475250244, 0.9405444264411926, 0.9360076189041138, 0.9414995312690735, 0.939828097820282, 0.9403056502342224], "val_auc": [0.8807080984115601, 0.926489531993866, 0.9234081506729126, 0.9201134443283081, 0.944584310054779, 0.9542151093482971, 0.9689980149269104, 0.9710962772369385, 0.9696128368377686, 0.9799636006355286, 0.9738893508911133, 0.9836954474449158, 0.9832249283790588, 0.9817855954170227, 0.9794437289237976, 0.9842022657394409, 0.9816697835922241, 0.9848770499229431, 0.9835536479949951, 0.9831844568252563], "val_loss": [0.4512176215648651, 0.3847893476486206, 0.32712098956108093, 0.34232285618782043, 0.2872491776943207, 0.2811761200428009, 0.25253674387931824, 0.22559385001659393, 0.29571717977523804, 0.19703753292560577, 0.20584245026111603, 0.17057280242443085, 0.16788718104362488, 0.17754343152046204, 0.1912250518798828, 0.15767790377140045, 0.18723417818546295, 0.1621571034193039, 0.17820248007774353, 0.18458391726016998], "val_precision": [0.8781400322914124, 0.9029126167297363, 0.952353298664093, 0.9489051103591919, 0.95903480052948, 0.9484702348709106, 0.8972697854042053, 0.9035250544548035, 0.9757746458053589, 0.9354055523872375, 0.9446700215339661, 0.9617347121238708, 0.9614995121955872, 0.9174013733863831, 0.961169958114624, 0.9450072646141052, 0.970133900642395, 0.966212809085846, 0.9689409136772156, 0.9723360538482666], "val_recall": [0.7846227288246155, 0.8438395261764526, 0.7827125191688538, 0.8070678114891052, 0.8161413669586182, 0.8438395261764526, 0.92597895860672, 0.9302769899368286, 0.8271251320838928, 0.9197707772254944, 0.8887296915054321, 0.9001910090446472, 0.9063992500305176, 0.9441260695457458, 0.910219669342041, 0.9355300664901733, 0.8997134566307068, 0.9149952530860901, 0.9087870121002197, 0.9063992500305176]}