{"accuracy": [0.7438933849334717, 0.7929320931434631, 0.8060276508331299, 0.8184731006622314, 0.8355623483657837, 0.8565059900283813, 0.8681619763374329, 0.8833472728729248, 0.8911024332046509, 0.9031763672828674, 0.9143215417861938, 0.9267669916152954, 0.9341042041778564, 0.9411163926124573, 0.9496145844459534, 0.9555586576461792, 0.9602024555206299, 0.9648927450180054, 0.9681898355484009, 0.9700937867164612], "auc": [0.7888805866241455, 0.8470326662063599, 0.8627843260765076, 0.8801922798156738, 0.9016605019569397, 0.9201608300209045, 0.9282816052436829, 0.9421930313110352, 0.9493005871772766, 0.9586990475654602, 0.9666056036949158, 0.974918007850647, 0.9799907207489014, 0.9836203455924988, 0.9873340725898743, 0.9904802441596985, 0.9920039176940918, 0.9935027360916138, 0.9946423768997192, 0.9957399964332581], "loss": [0.7692986726760864, 0.4916122257709503, 0.44923144578933716, 0.4220851957798004, 0.38403239846229553, 0.34328290820121765, 0.3258313238620758, 0.2986379861831665, 0.2785346210002899, 0.24625061452388763, 0.2274295687675476, 0.19584333896636963, 0.1715647578239441, 0.15526090562343597, 0.13412681221961975, 0.11640744656324387, 0.10587327927350998, 0.09469017386436462, 0.08496422320604324, 0.07605072110891342], "precision": [0.797260582447052, 0.9144546389579773, 0.9399198889732361, 0.9471830725669861, 0.9511738419532776, 0.9581095576286316, 0.9587963223457336, 0.9590702056884766, 0.9543591141700745, 0.9556045532226562, 0.9501513838768005, 0.9510208368301392, 0.9581454396247864, 0.95955491065979, 0.9659287929534912, 0.9702780246734619, 0.9744350910186768, 0.9771232604980469, 0.9801867008209229, 0.9817264676094055], "recall": [0.65412837266922, 0.6463267207145691, 0.653849720954895, 0.6745611429214478, 0.7074394226074219, 0.7456116080284119, 0.76938796043396, 0.8008730411529541, 0.8214915990829468, 0.8456394672393799, 0.8745239973068237, 0.8998792767524719, 0.9078666567802429, 0.9210550785064697, 0.9321073889732361, 0.9399089813232422, 0.9452029466629028, 0.9520757794380188, 0.9556979537010193, 0.9580198526382446], "val_accuracy": [0.8438395261764526, 0.8868194818496704, 0.8665233850479126, 0.8944603800773621, 0.8724928498268127, 0.9037727117538452, 0.8913562297821045, 0.9133237600326538, 0.9235911965370178, 0.9283667802810669, 0.934097409248352, 0.9360076189041138, 0.9393505454063416, 0.9446036219596863, 0.9419770836830139, 0.9360076189041138, 0.9481852650642395, 0.9446036219596863, 0.9474689364433289, 0.9455587267875671], "val_auc": [0.9098550081253052, 0.9576559066772461, 0.9580186009407043, 0.9591872692108154, 0.9526255130767822, 0.9563500881195068, 0.975230872631073, 0.9752304553985596, 0.9779182076454163, 0.9792382717132568, 0.9812703132629395, 0.9842525720596313, 0.9845762252807617, 0.9860556721687317, 0.9862191081047058, 0.9856007695198059, 0.9866064190864563, 0.9856417179107666, 0.9884169101715088, 0.9859950542449951], "val_loss": [0.4030320942401886, 0.2620454430580139, 0.2783781588077545, 0.2785911560058594, 0.30743408203125, 0.35407501459121704, 0.2189439833164215, 0.20585206151008606, 0.2061544805765152, 0.19792115688323975, 0.17335224151611328, 0.16310162842273712, 0.16712631285190582, 0.14804880321025848, 0.14837691187858582, 0.1619570553302765, 0.1412830650806427, 0.16192014515399933, 0.13250425457954407, 0.15752150118350983], "val_precision": [0.9332129955291748, 0.9183884263038635, 0.9665653705596924, 0.9324607253074646, 0.9054054021835327, 0.9055156111717224, 0.97507244348526, 0.9413564801216125, 0.933953046798706, 0.9354369044303894, 0.9540459513664246, 0.9519801735877991, 0.9418827891349792, 0.9550341963768005, 0.9438849091529846, 0.9820485711097717, 0.9666832685470581, 0.9687814712524414, 0.9561830759048462, 0.9702621102333069], "val_recall": [0.7406876683235168, 0.8490926623344421, 0.7593123316764832, 0.8505253195762634, 0.8319006562232971, 0.9016236662864685, 0.8032473921775818, 0.8815664052963257, 0.9116523265838623, 0.9202483296394348, 0.9121298789978027, 0.9183381199836731, 0.9364851713180542, 0.9331423044204712, 0.939828097820282, 0.8882521390914917, 0.9283667802810669, 0.9188156723976135, 0.9379178881645203, 0.919293224811554]}