{"accuracy": [0.7502337098121643, 0.8058978319168091, 0.8228945136070251, 0.8328800797462463, 0.8585450649261475, 0.8731622099876404, 0.8887141942977905, 0.8987422585487366, 0.9097476005554199, 0.9179484844207764, 0.9263618588447571, 0.9360074996948242, 0.9411489963531494, 0.9481601119041443, 0.9550862312316895, 0.9602702260017395, 0.9614599943161011, 0.9654542207717896, 0.9679187536239624, 0.9737825989723206], "auc": [0.8005639910697937, 0.862351655960083, 0.8853951096534729, 0.9037367701530457, 0.9264711737632751, 0.9393771290779114, 0.9495150446891785, 0.9577470421791077, 0.9664487242698669, 0.9709383249282837, 0.9754785895347595, 0.9808979630470276, 0.9840002059936523, 0.986899197101593, 0.990151047706604, 0.9921915531158447, 0.9929041266441345, 0.9942129850387573, 0.9948266744613647, 0.9960901141166687], "loss": [0.737128496170044, 0.479857861995697, 0.42972618341445923, 0.39098989963531494, 0.3480254113674164, 0.31576627492904663, 0.2871217429637909, 0.2593652606010437, 0.23245316743850708, 0.2132316529750824, 0.19544155895709991, 0.16969256103038788, 0.15709668397903442, 0.13962623476982117, 0.11846324801445007, 0.10679809004068375, 0.09947683662176132, 0.09044067561626434, 0.0837690457701683, 0.07221648097038269], "precision": [0.7872402667999268, 0.9184005856513977, 0.9350738525390625, 0.9449114203453064, 0.9488297700881958, 0.948977530002594, 0.9517084956169128, 0.9515011310577393, 0.9505653381347656, 0.9503663182258606, 0.9492299556732178, 0.9533445239067078, 0.9558306932449341, 0.9627094864845276, 0.9700667262077332, 0.9737578630447388, 0.9737393260002136, 0.9776731133460999, 0.9789491891860962, 0.9828512072563171], "recall": [0.6858162879943848, 0.6714540719985962, 0.6939746737480164, 0.706977128982544, 0.7579671740531921, 0.7887312173843384, 0.8189852833747864, 0.840316116809845, 0.8644514083862305, 0.8819580078125, 0.9009093046188354, 0.9168862104415894, 0.925044596195221, 0.9324381947517395, 0.9391518831253052, 0.9460355043411255, 0.9485000371932983, 0.9526642560958862, 0.9564034938812256, 0.9643919467926025], "val_accuracy": [0.865807056427002, 0.8784622550010681, 0.8765520453453064, 0.8784622550010681, 0.9133237600326538, 0.9195320010185242, 0.9190544486045837, 0.9154728055000305, 0.9243075251579285, 0.9352912902832031, 0.9338586330413818, 0.9407832026481628, 0.9386342167854309, 0.9400668740272522, 0.9443648457527161, 0.950095534324646, 0.9386342167854309, 0.9486628174781799, 0.9372014999389648, 0.9472301602363586], "val_auc": [0.9306038618087769, 0.9514241218566895, 0.9621927738189697, 0.9673420786857605, 0.9708999395370483, 0.9755796790122986, 0.9799085259437561, 0.9801079630851746, 0.9831498265266418, 0.9836217761039734, 0.9863463640213013, 0.9871200323104858, 0.9862828850746155, 0.9876863956451416, 0.9874945282936096, 0.9879772663116455, 0.9875530004501343, 0.9871156811714172, 0.9841448664665222, 0.9848490357398987], "val_loss": [0.39719364047050476, 0.285289466381073, 0.2629457712173462, 0.26069149374961853, 0.23394463956356049, 0.20131275057792664, 0.18743276596069336, 0.19268538057804108, 0.18052229285240173, 0.16124464571475983, 0.16483241319656372, 0.14719678461551666, 0.1507527083158493, 0.14850638806819916, 0.15469805896282196, 0.1355355829000473, 0.16285830736160278, 0.1485975831747055, 0.20279152691364288, 0.17889662086963654], "val_precision": [0.8952528238296509, 0.9546758532524109, 0.9718731045722961, 0.9703264236450195, 0.9269856810569763, 0.9558899998664856, 0.9715206623077393, 0.9733405709266663, 0.978459894657135, 0.9492360949516296, 0.9829877614974976, 0.9723643660545349, 0.9688616394996643, 0.9782044887542725, 0.9740193486213684, 0.9537795186042786, 0.9846965670585632, 0.9761784076690674, 0.9867091774940491, 0.9756221175193787], "val_recall": [0.8285577893257141, 0.7946513891220093, 0.7755491733551025, 0.780802309513092, 0.8973256945610046, 0.8796561360359192, 0.8634192943572998, 0.8543457388877869, 0.8677172660827637, 0.9197707772254944, 0.882999062538147, 0.9073543548583984, 0.9063992500305176, 0.9001910090446472, 0.9130849838256836, 0.9460362792015076, 0.8911174535751343, 0.9197707772254944, 0.88634192943573, 0.9173830151557922]}